videoId,tituloOriginal,canal,duracao
0qTF7saPK7o,Permanecerei - Eric & Evellyn Emerick,ONE Sounds,6:32
8aCWzCKlIlI,"Ambição - Gabi Sampaio, SOM DO CÉU",Gabi Sampaio e SOM DO CÉU,16:59
pXQRyiSZ8mQ,Fez Um Caminho (Ao Vivo) - IIR Music e Rafael Faleiro,IIR Music e Rafael Faleiro,11:32
kJ9Yy-YGTNo,"Como Não Te Amar - Gabi Sampaio, Lucas Magno & SOM DO CÉU",Gabi Sampaio e mais 2,11:54
IxpWNuxGmzc,Em Teus Braços - Laura Souguellis // Fornalha Dunamis - Março 2015,Dunamis Music,12:24
s1oU-6vYc4E,Nívea Soares - Rio (Ao Vivo),Nívea Soares,8:32
Yo9G3hvl_UI,Grato Sou (I Thank God) - Ao vivo • DROPS,drops,4:52
FKKytz49Fhg,"Firme Fundamento (Ao Vivo) - Central MSC feat. Ana Paula Rocha, Henrique Rocha",Central MSC,6:48
hRJUcvsnqKs,Meia Noite (Ao Vivo) | fhop music,Fhop Music,3:45
YXnQ02HYB1w,Tu és + Águas Purificadoras (Ao Vivo) | Fhop Music,Fhop Music,7:57
CmM1pcHohdI,Bendito É O Rei (Ao Vivo) | Fhop Music,Fhop Music,5:27
7GWZwO0MdsY,Sublime (Ao Vivo) | fhop music,Fhop Music,9:41
2anDhu7L-Cc,Dono da Minha Afeição (Ao Vivo) | fhop music,Fhop Music,5:58
q-xrKrybvmc,Volto Os Meus Olhos + Vem Derrama // Dunamis Sounds,Dunamis Music,7:04
J2rTdu7vqTE,Santo Espírito - Laura Souguellis // Fornalha Dunamis - Março 2015,Dunamis Music,9:14
hQzS_NRmO8w,Isaías 6 - Ministério Morada (Legendado),Igreja do Nazareno Central de Mirassol (Nazareno Mirassol Oficial),7:37
ov-Dr9qSGCU,Doce Presença,Alessandro Vilas Boas,2:40
ERsqk3w25A4,À Espreita de Ti - Emanuelle Carvalho e Henrique Machado (LIVE AT HOME VI),ONE Sounds,13:28
XRB1MZVgGnE,"Preciso de Ti (Ao Vivo) - Diante do Trono, Ana Paula Valadão",Diante do Trono,6:25
BiXBpWz2sP0,Alessandro Vilas Boas CONVIDA Henrique Machado | DESEJO ETERNO,Alessandro Vilas Boas e Henrique Machado,14:37
gS0Y4ID0HbY,"TU ÉS DEUS (A ELE) - O Canto das Igrejas, Paulo Cesar Baruk, Lucas & Evelyn Cortazio",O CANTO DAS IGREJAS e mais 2,5:08
7j5aLkEe_vE,"Vineyard - Vem, Esta é a Hora (Come, Now Is The Time To Worship) - Ao Vivo",Musile Records,5:13
6v9i3YVSHIY,Relevans Worship Moments || Abra os Olhos do Meu Coração | Léo Schiappadini,Relevans,8:49
ENW5PIXKb_E,Exaltamos Yahweh,Fhop Music,5:05
L3b2gRB7YVc,É Ele (Ao Vivo) • DROPS,drops,8:16
4WmlJFsxDv4,Há Poder + Espontâneo (Ao Vivo) | fhop music,Fhop Music,10:28
7eujlWBhS5Y,Som do Secreto Vol.2 | Som do Reino | 04 | Para Que Entre o Rei | Brunão Morada,Som do Reino,6:12
SyUKh4z1Xn4,"Pardal + Espontâneo (Ao Vivo) • DROPS, Nívea Soares",drops,12:40
-JcxXQbqfns,Senhor Tu És Bom | Comunidade Zona Sul | Ao Vivo na CEIZS,CEIZS,4:30
EqTai69cQU4,UPPERROOM | Abra o Livro (Live In Brazil) [feat. Laura Souguellis],UPPERROOM Latinoamérica e mais 2,10:48
Kh14SNPaHco,Só tu és Santo - Morada (Ao Vivo),MORADA,6:27
hm210FfEVbk,Fé (Ao Vivo) | fhop music,Fhop Music,3:46
9p3qBC3VotM,GABRIELA ROCHA - A ELE A GLÓRIA (CLIPE OFICIAL),Gabriela Rocha,7:19
VhdAZ2aQtBk,"Holy Forever (Live) - Bethel Music, Jenn Johnson, feat. CeCe Winans",Bethel Music e Jenn Johnson,10:44
ye9caqETC0A,"Paulo Cesar Baruk, @MarsenaOficial  - Clamo Jesus (I Speak Jesus)",Baruk TV e mais 3,7:18
qpvH0VEiBxc,fhop music | HERDEIRO DE TUDO + PORQUE ELE VIVE (Ao Vivo),Fhop Music,10:26
v34CAdVy-V4,Momento Solene - O Nome de Jesus (Clipe Oficial),Momento Solene,7:54
fQZjavJe_uo,Felipe Rodrigues - Oh Quão Lindo Esse Nome é | Ministração Ao Vivo,Felipe Rodrigues,6:45
30VagMEospM,Incensário (Conferência JesusCopy 24’) | Laura Souguellis,Laura Souguellis,9:46
IATcQyf1JMY,UNIDOS EM FÉ | fhop music + Upstream Quest | Camp Session Portugal,Fhop Music e Upstream Quest,4:37
bbxs1IJNork,Que Se Abram os Céus  - Nívea Soares (LETRA/LEGENDADO),WillSong,5:14
Vcgu6b4UZLM,EU ME ALEGRAREI (AO VIVO) | MORADA,MORADA,4:51
RjXzYmFE7ZU,NÃO CHORE JOÃO (AO VIVO) | MORADA,MORADA,8:24
zctEo-Xaouw,Alessandro Vilas Boas CONVIDA Eric & Evellyn Emerick | A CIDADE DESCEU,Alessandro Vilas Boas,9:39
D-5UjAfWK08,Nada Que o Teu Amor Não Possa | Laura Souguellis (Ao Vivo),Laura Souguellis,12:11
ldK43s9UyQI,"JULLIANY SOUZA - AH, JESUS / CORAÇÃO IGUAL AO TEU (AO VIVO)",Julliany Souza,12:28
1htnqzaKLP8,Juliano Son | Eu vou Construir (Livres Ao Vivo Em São Paulo),Livres Oficial,8:15
WfxtWHnmg_0,LAURA SOUGUELLIS - Em teus braços (OVERMISSION 2025)[Oficial],OVERMISSION ®,21:20
fOBGrF-bQbA,Uma Vez (Ao Vivo) | Fhop Music,Fhop Music,4:24
7Y9Telk1rGI,Leo Schiappadini - FILHO PRÓDIGO (Ao Vivo),Leo Schiappadini,6:15
8JeWLB0992k,Estações (Ao Vivo) | Matheus Gonçalves & Mateus Brito,Dunamis Music,7:44
ePdRgBWhvog,É TUDO SOBRE VOCÊ | MORADA (CLIPE OFICIAL),MORADA,8:28
z9yAfggwIR8,Os Bravos - Tua Presença Vale Mais (Ao Vivo na Conferência JesusCopy 23'),JesusCopy,14:34
d_zt_dO8vTE,DIGNO DE TUDO (Ao Vivo) | Emi Sousa | fhop music,Fhop Music,8:21
g8o7WynQThE,"JESUS, TU ÉS BELO (JESUS, YOU'RE BEAUTIFUL) | Ao Vivo | fhop music",Fhop Music,7:18
4jMFEt-I3Yc,1 Coríntios 15 (Esse Corpo É Uma Semente) - Eric & Evellyn Emerick | TELOS (Ao Vivo),ONE Sounds,6:28
iWYcaIeo9E8,Som do Secreto Vol.3 - Cristo - (Clipe Oficial) - Alessandro Vilas Boas | Os Bravos,Som do Reino,15:57
OQ-tBAPHb2o,Fez um caminho para mim (Juliano Son) | Fhop - Páscoa,Paula Gama,22:41
oE_brFKwldk,MARAVILHADO - NÍVEA SOARES | AO VIVO,Nívea Soares,7:38
ORWfJj_AJg8,Quero Jesus (Live In Brazil) | UPPERROOM,UPPERROOM Latinoamérica e mais 2,13:05
mSXgE_SS2y8,Carol Braga | Isaías 9 - Ao Vivo,Carol Braga,10:43
63B6H9Dra_8,Tua Alegria (Ao Vivo) • DROPS,drops,5:00
NVMCYDmSd1k,Ele é Exaltado (Ao Vivo) - Central MSC feat. Fhop Music (Emi Sousa) & Renato Mimessi,Central MSC,9:35
6d2zq20By_E,Maranata (Clipe Oficial) - Alessandro Vilas Boas | David Cardoso | Som do Reino,Som do Reino,9:40
KRbFkwWfO1Q,JOSÉ JR - Me ama (OVERMISSION 2025)[Oficial],OVERMISSION ®,11:42
UQC1cGnAUo4,"Tudo Mudou - SOM DO CÉU, Gabi Sampaio, Lucas Magno, Sarah Lanza",SOM DO CÉU,6:44
1IkfSTFGjyI,"Seja o Centro (Ao Vivo) - SOM DO CÉU, Gabi Sampaio, Matheus França, Murilo Schiappadini",Gabi Sampaio,8:06
0ZF5em0MTwY,JULLIANY SOUZA - QUEM É ESSE? (AO VIVO),Julliany Souza,9:31
NYFcTj-KmvI,Ministério Pedras Vivas - Pai nosso (Our father),Pedras Vivas,7:05
afI7c26HHEk,Fred Arrais - Tremenda Graça (Ao Vivo),Fred Arrais,4:45
tp1eH8Ry6TM,Lugar da Habitação - Os Bravos feat. Alessandro Vilas Boas - Ao Vivo na Conferência JesusCopy 2024,JesusCopy Music,13:44
rVJxohBP59c,Canção de Simeão (Ao Vivo no Rio de Janeiro) • DROPS,drops,7:41
7BoTTLK1K_4,Só Quero Ver Você + There is Only One - Laura Souguellis & Rodolfo Abrantes // DVD FornalhaOficial,Dunamis Music,10:11
8h_ygiJBPjk,fhop music | BONDADE DE DEUS (Ao vivo),Fhop Music,5:38
1yorXvlZd6s,Tudo é Teu (Ao Vivo) • DROPS,drops,7:11
_X4_sUMGw14,"Somos (Ao Vivo) - Central MSC, fhop music, Drops INA, Edificando Adoradores, Videira Music",Central MSC,5:11
Yrw6dnDWIqE,Ao Que Está Assentado Sobre o Trono (Clip Oficial) - Americas | Som do Reino + TOMATULUGAR,Som do Reino,16:31
YFodlzMw8gI,"Toma o Teu Lugar - TBC Music, Netto (O Canto das Igrejas)",O CANTO DAS IGREJAS,6:49
j940PKO3F4A,Nívea Soares - Abre Os Selos (Ao Vivo),Nívea Soares,7:55
RXlDfjDg738,Quebro Meu Vaso - André Aquino + Luma Elpídio // Som do Secreto (Vol.2) | Som Do Reino,Som do Reino,12:26
X-IYqtdWsF4,PODEROSO DEUS AO VIVO 2024 - ANTÔNIO CIRILO (CLIPE OFICIAL),Antônio Cirilo,14:16
8b1JRbbSc7E,Relevans Worship Moments || Meu Respirar : Meu Prazer | João Rinaldi,Relevans,7:06
l_YmyECnUYw,Se tu olhares (Dá-me um coração igual ao teu) - IBAB,As melhores músicas gospel,3:10
YapdWk-Uh_8,Felipe Rodrigues - Aclame Ao Senhor - Ministração ao vivo,Felipe Rodrigues,5:36
DiWAXBX2SIE,Quebrantado (Sweetly Broken) - Vineyard Piratininga feat. Brunão Morada (Clipe Oficial),O CANTO DAS IGREJAS,5:27
kFuONCt_QCI,"JESUS TE AMAMOS - O Canto das Igrejas, @MarsenaOficial (Ao Vivo)",O CANTO DAS IGREJAS e Marsena,6:19
k7tGP-vidwc,Gabriel Guedes - Vitorioso És (Clipe Oficial),Gabriel Guedes,5:48
JheqX_w3m08,VINHO E PÃO | IPALPHA Música,IPALPHA - Igreja Presbiteriana,4:46
cegHLh3Xbl8,GABRIELA ROCHA FEAT. ELEVATION WORSHIP - VIDA AOS SEPULCROS (CLIPE OFICIAL),Gabriela Rocha,4:57
QRilv78Rroc,Nívea Soares - Quem É Como Nosso Deus? (Ao Vivo),Nívea Soares,8:10
90krowvsQsE,fhop music | ÚNICO (Ao Vivo),Fhop Music,7:23
XUs7nuz6c0M,Sobre as Águas (Ao Vivo) | Rapha Gonçalves & @IsaiasSaadOfficial,Dunamis Music,7:39
WLM7GbpHj8U,Bruna Olly - Gratidão (Gratitude - Brandon Lake) - Ao Vivo,Musile Records,7:17
MeJ9m4bxk_E,Canção do Apocalipse - Rapha Gonçalves & Matheus Gonçalves // Zion Church,Gabriel Frame,6:02
ky1WiHBOb_E,Algo Bem Maior (Clipe Oficial) • DROPS,drops,6:13
7p0V0LE9Avw,NÍVEA SOARES | NÃO MAIS ESCRAVOS (CLIPE OFICIAL),Nívea Soares,6:47
Dv-7mBQNEIo,fhop music | OS QUE OLHAM PARA TI (Ao Vivo),Fhop Music,13:58
MeX0yHMs9Nk,"fhop music, Marco Telles | COLOSSENSES E SUAS LINHAS DE AMOR (Ao Vivo)",Fhop Music,8:15
dlGOiuxSzVw,"A Boa Parte (Ao Vivo) | Fhop Music, Nívea Soares",Fhop Music,5:51
N5AMmLZjaaM,fhop music | NADA MAIS (Ao Vivo),Fhop Music,11:46
9DsWIcJhUu8,Tudo Que Eu Tenho - Eric & Evellyn Emerick  e Filipe Emerick (LIVE AT HOME VI),ONE Sounds,23:09
